[
    {
        "raw_content": "<h4><strong>&Scaron;OKANTNO!! RONALDO PRI\u010cA SRPSKI<br></strong></h4>\n<hr>\n<p>Neverovatno dragi ljudi, Kristijano Ronaldo pri\u010da na srpskom jeziku!&nbsp;<br>&Scaron;okantni video dostupan je na <a title=\"Ronaldo pri\u010da srpski\" href=\"https://www.youtube.com/shorts/Ny27ebtcT0Q\" target=\"_blank\" rel=\"noopener\">linku</a>.</p>",
        "header_image": "image/ronaldo_prica_srpski_4mgA8oU.jpg",
        "cat": "5",
        "title": "Ronaldo pri\u010da srpski",
        "tags": ["Ronaldo", "srpski"]
    },
    {
        "raw_content": "<p><strong>Jedan od najkontroverznijih li\u010dnosti u srpskom sportu danas proslavlja 37. ro\u0111endan</strong></p>\n<hr>\n<p>Darko Mili\u010di\u0107 je ro\u0111en u Novom Sadu 20. juna 1985. godine, a uprkos velikom potencijalu koji je imao u ko&scaron;arci, osta\u0107e upam\u0107en po stvarima koje je radio van ko&scaron;arka&scaron;kih terena.</p>\n<p>&nbsp;</p>\n<p>Darko je danas \u010dlan skup&scaron;tine KK Crvena zvezda, kluba za koji navija, ali za koji nikada nije zaigrao. Sa 18 godina je izabran kao drugi pik na NBA draftu u jednoj od najboljih generacija.</p>\n<div class=\"ads\">&nbsp;</div>\n<p>Ispred njega je izabran samo Lebron D\u017eejms, a Detroit Pistonsi su uzeli Mili\u010di\u0107a ispred Karmela Entonija, Krisa Bo&scaron;a i Dvejna Vejda.</p>\n<p>O kvalitetu tog drafta govori najbolje \u010dinjenica da su igra\u010di poput Moa Vilijamsa, Kajla Korvera, Kirka Hajnriha, Borisa Diaoa, Kendrika Perkinsa i Zaze Pa\u010dulije ostali daleko iza ovih veli\u010dina, dakle jedva su bili draftovani. Zanimljiva je i \u010dinjenica da je upravo na tom draftu bilo mo\u017eda i najvi&scaron;e igra\u010da sa ovih prostora. Me\u0111u odabranima bili su \u017darko \u010cabarkapa, Slavko Vrane&scaron;, Sa&scaron;a Pavlovi\u0107, Zoran Planini\u0107, Sani Be\u0107irovi\u0107, Ned\u017ead Sinanovi\u0107...</p>\n<p>Borio se Mili\u010di\u0107 sa raznim problemima koji su ga poga\u0111ali u klubovima gde je igrao. Kako forsiranje pojedinaca, tako i jaka konkurencija na odre\u0111enim pozcijama. Poznato je da Darko nije bio neko ko je po&scaron;tovao disciplinu, pa ga je to izgleda i ko&scaron;talo ozbiljne karijere, jer Amerikanci nisu mogli to da trpe. Promenio je Srbin vi&scaron;e klubova (Detroit, Boston, Orlando, Memfis, Njujork, Minesota). O\u010dekivala se velika i sjajna karijera od njega, ali skandali su ipak vi&scaron;e nego ko&scaron;arka&scaron;ki rezultati obele\u017eili istu.</p>\n<p>Darko Mili\u010di\u0107 je ro\u0111en u Novom Sadu 20. juna 1985. godine, a uprkos velikom potencijalu koji je imao u ko&scaron;arci, osta\u0107e upam\u0107en po stvarima koje je radio van ko&scaron;arka&scaron;kih terena.</p>\n<p>Darko je danas \u010dlan skup&scaron;tine KK Crvena zvezda, kluba za koji navija, ali za koji nikada nije zaigrao. Sa 18 godina je izabran kao drugi pik na NBA draftu u jednoj od najboljih generacija.</p>\n<div class=\"ads\">&nbsp;</div>\n<p>Ispred njega je izabran samo Lebron D\u017eejms, a Detroit Pistonsi su uzeli Mili\u010di\u0107a ispred Karmela Entonija, Krisa Bo&scaron;a i Dvejna Vejda.</p>\n<p>O kvalitetu tog drafta govori najbolje \u010dinjenica da su igra\u010di poput Moa Vilijamsa, Kajla Korvera, Kirka Hajnriha, Borisa Diaoa, Kendrika Perkinsa i Zaze Pa\u010dulije ostali daleko iza ovih veli\u010dina, dakle jedva su bili draftovani. Zanimljiva je i \u010dinjenica da je upravo na tom draftu bilo mo\u017eda i najvi&scaron;e igra\u010da sa ovih prostora. Me\u0111u odabranima bili su \u017darko \u010cabarkapa, Slavko Vrane&scaron;, Sa&scaron;a Pavlovi\u0107, Zoran Planini\u0107, Sani Be\u0107irovi\u0107, Ned\u017ead Sinanovi\u0107...</p>\n<p>Borio se Mili\u010di\u0107 sa raznim problemima koji su ga poga\u0111ali u klubovima gde je igrao. Kako forsiranje pojedinaca, tako i jaka konkurencija na odre\u0111enim pozcijama. Poznato je da Darko nije bio neko ko je po&scaron;tovao disciplinu, pa ga je to izgleda i ko&scaron;talo ozbiljne karijere, jer Amerikanci nisu mogli to da trpe. Promenio je Srbin vi&scaron;e klubova (Detroit, Boston, Orlando, Memfis, Njujork, Minesota). O\u010dekivala se velika i sjajna karijera od njega, ali skandali su ipak vi&scaron;e nego ko&scaron;arka&scaron;ki rezultati obele\u017eili istu.</p>\n<p>&nbsp;</p>\n<p><strong>PORUKA SUDIJAMA<br></strong></p>\n<p>Na Evropskom prvenstvu 2007. godine u Granadi, Srbija je prvi put nastupla pod tim imenom i do\u017eivela je debakl zauzimanjem poslednjeg mesta u grupi.</p>\n<p>Selektor je bio Zoran Moka Slavni\u0107, ali ovo takmi\u010denje \u0107e ostati upam\u0107eno po ispadu centra Darka Mili\u010di\u0107a, koji je posla utakmice sa Grcima \u017eestoko izvre\u0111ao sudije i taj klip je postao hit na internetu, pa \u010dak i danas ve\u0107i deo Srbije zna da ponovi makar deo Darkovog <a title=\"poruka sudijama\" href=\"https://www.youtube.com/watch?v=_WzApYGHc4g\" target=\"_blank\" rel=\"noopener\">\"izlaganja\"</a>.<br><br><br></p>\n<p><strong>LEGENDARNA SCENA SA MARAJOM KERI</strong></p>\n<p>Gostuju\u0107i u emisiji \"Goli \u017eivot\" na TV Hepi, Mili\u010di\u0107 je ispri\u010dao niz zanimljivih detalja iz perioda boravka u Americi. Menad\u017eer ga je jedno ve\u010de odveo na ve\u010deru u jedan popularni kineski restoran, gde mesto rezervi&scaron;e \u010dak &scaron;est meseci ranije, kako bi ga impresionirao.</p>\n<p>- Bio sam gladan, porcije male, hrana lo&scaron;a. Ja pobesneo, on me smiruje, ali ja tra\u017eim hleb - otkriva Mili\u010di\u0107.</p>\n<p>Menad\u017eer je poku&scaron;ao da ga imresionira \u010dinjenicom da pored njih sedi slavna peva\u010dica Maraja Keri.</p>\n<p>- Ka\u017ee on meni, vidi pored tebe sedi svetska zvezda Maraja Keri. Ja uzvratim, ma kakva Maraja Keri, ja gladan kao pas, daj hleba.</p>\n<p>&nbsp;</p>\n<div class=\"notranslate\" style=\"all: initial;\">&nbsp;</div>",
        "header_image": "image/darko_hF5zSdK.jpg",
        "cat": "5",
        "title": "SKANDALOZNO PSOVAO SUDIJE, \u010cETNI\u010cKIM TETOVA\u017dAMA DAVAO PIVO, TERAO SEVERINU: A ko da zaboravi LUDU SCENU sa Marajom Keri?! (VIDEO)",
        "tags": ["Miličić", "sudije", "psovke"]
    },
    {
        "raw_content": "<p>Pred Novakom je nova epoha!<br>Krajnje neo\u010dekivano, nakon nekoliko nezadovoljavaju\u0107ih rezultata, odlu\u010dio je promeniti poziv.</p>\n<hr>\n<p><br><br>Naime, srpski as je najavio kraj karijere u sportu, ali po\u010detak karijere u sferi obrazovanja, i onda, prava poslastica, upisuje <a title=\"finkg\" href=\"http://fin.kg.ac.rs/sr/\" target=\"_blank\" rel=\"noopener\">Fakultet in\u017eenjerskih nauka u KRAGUJEVCU!!!</a></p>\n<p>&nbsp;</p>",
        "header_image": "image/novak_dkSMGrj.jpg",
        "cat": "4",
        "title": "Novak \u0110okovi\u0107 doneo \u0161okantnu odluku, kada vidite gde nastavlja karijeru, NE\u0106E VAM BITI DOBRO!",
        "tags": ["Novak", "fink", "Kragujevac"]
    },
    {
        "raw_content": "<div class=\"bnr-wrapper  \">&nbsp;</div>\n<p>&nbsp;</p>\n<h5>La\u017eni premijer nepostoje\u0107e dr\u017eave Aljbin Kurti, od sednice saveta bezbednosti Ujedinjenih nacija u Njujorku, poznatiji je kao Kurton!</h5>\n<div class=\"bnr bnr_position  m1-intext\">\n<div class=\"bnr-wrapper  \">\n<div class=\"bnr-inner\">&nbsp;</div>\n</div>\n</div>\n<p>Srbija koju je u Njujorku na SB UN predstavljao predsednik Aleksandar Vu\u010di\u0107, potukla je do nogu la\u017enog premijera, a Amerikanci su zadali zavr&scaron;ni udarac.</p>\n<p>&nbsp;</p>\n<p>&nbsp;</p>\n<p>Kurti rekla gospodin Kurton!</p>\n<p>&nbsp;</p>\n<div style=\"margin-top: 15px; margin-bottom: 15px;\">&nbsp;</div>\n<p>Iako je o\u010digledno da je re\u010d o lapsusu, tvorac psihoanalize Sigmund Frojd imao bi sasvim druga\u010dije mi&scaron;ljenje, da parafraziramo - lapsusi otkrivaju pravu istinu koju je govornik hteo da ka\u017ee.</p>\n<p><strong>Naime, ambasadorka SAD u UN Linda Tomas-Grinfild je govore\u0107i na sino\u0107noj sednici umesto gospodin Kurti rekla gospodin Kurton!</strong></p>\n<p><strong>Pa vi sami procenite &scaron;ta Amerikanci zaista misle o la\u017enom premijeru tzv Kosova.&nbsp;</strong></p>\n<p><strong><video controls=\"controls\" width=\"300\" height=\"150\">\n<source src=\"https://cdn.brid.tv/live/partners/24145/hsd/1552201.mp4\" type=\"video/mp4\"></video></strong></p>\n<p>&nbsp;</p>",
        "header_image": "image/kurti_OifUqSP.webp",
        "cat": "1",
        "title": "Kurti je za Amerikance Kurton! La\u017eni premijer predmet sprdnje u Njujorku! (VIDEO)",
        "tags": ["Kurti", "sprdnja", "Kosovo"]
    },
    {
        "raw_content": "<p>Me&scaron;tani sela Gornja Trnava danas su u &scaron;oku nakon svirepog zlo\u010dina koji se tokom no\u0107i dogodio u njihovom kom&scaron;iluku. Slobodan A. (33) nogarom od stola na smrt je pretukao ro\u0111enog brata Niloku A.(30), a kasnije je sam pozvao policiju i predao se.</p>\n<p>Dvojica mladi\u0107a \u017eiveli su u doma\u0107instvu sa ocem, bavili se poljoprivredom, radili u nadnici i na gra\u0111evini. Zbog \u010destih konflikata \u010desto je reagovao i njihov otac.</p>\n<hr>\n<p>- De&scaron;avalo se da zbog velikih sva\u0111a otac zove kom&scaron;ije u pomo\u0107, a neretko je znao i da prespava napolju. Uprkos svim tim porodi\u010dnim problemima, nismo verovali da \u0107e uslediti ovako crn scenario i da \u0107e se tragi\u010dno zavr&scaron;iti - rekle su kom&scaron;ije za RINU.</p>\n<p>Me&scaron;tani ovog sela jutros su za Kurir.rs potvrdili da je uzrok \u010destih sva\u0111a, pa i ovakvog krvavog ishoda najverovatnije alkohol.</p>\n<hr>\n<p>- Ni&scaron;ta oni nisu nikome smetali, bili su \u010dudni i voleli da popiju, ali ni&scaron;ta to nije bilo stra&scaron;no da je neko ovako ne&scaron;to mogao da pomisli. Nismo ovo o\u010dekivali ni u ludilu - rekao je kom&scaron;ija.</p>\n<p>- Ja nemam komentar na ovako ne&scaron;to, stra&scaron;no je. Ostala sam bez re\u010di da se ovako ne&scaron;to desi kod nas. Znam te momke, mladi su, nisu ni lo&scaron;i, ali eto taj alkohol je napravio problem - dodala je jedna me&scaron;tanka za na&scaron; portal.</p>\n<p>&nbsp;</p>",
        "header_image": "image/trnava_ch_CDLBr2n.jpg",
        "cat": "6",
        "title": "PRVE SLIKE SA MESTA ZLO\u010cINA U SELU KOD TOPOLE: Brat ubio brata dok im je otac bio u ku\u0107i! Letele i stvari (FOTO)",
        "tags": ["trnava", "braća", "tragedija"]
    },
    {
        "raw_content": "<p>Nikola Tesla jedan od najplodnijih i najkreativnijih umova koje je \u010dove\u010danstvo ikada imalo.</p>\n<p>&Scaron;irom sveta danas se ljudi sla\u017eu da je Nikola Tesla jedan od najplodnijih i najkreativnijih umova koje je \u010dove\u010danstvo ikada imalo.</p>\n<p>Na svojim velikim projektima radio je do samog kraja \u017eivota, jednako energi\u010dan i fokusiran.</p>\n<p>&nbsp;</p>\n<hr>\n<p>Iako znamo da je deo svoje&nbsp;energije sa\u010duvao asketskim, aseksualnim i povu\u010denim na\u010dinom \u017eivota, i dalje se divimo o&scaron;trini duha genijalnog nau\u010dnika koju je pokazivao i u starosti.</p>\n<p>&nbsp;</p>\n<p>Deo odgovora na pitanja o stanju duha i tela koja su dostigla nat\u010dove\u010danski nivo sposobnosti i sve\u017eine nalazi se u intervjuu 77-godi&scaron;njeg Nikole Tesle koji je dao 1933. godine.</p>\n<p>Tesla je verovao da je u \u017eivotu najva\u017eniji po\u010detak, u smislu da je najva\u017enije navike stec\u0301i u ranom detinjstvu.</p>\n<p>&bdquo;Stanje na&scaron;eg tela i duha u starosti u potpunosti je svedo\u010danstvo o tome kako smo proveli mladost. Tajna moje trenutne snage i vitalnosti je u tome &scaron;to sam u mladosti, da tako ka\u017eem, \u017eiveo \u017eivot bez poroka&ldquo;, rekao je tada Nikola Tesla.</p>\n<p>Taj \u017eivot pun vrlina bio je neophodan za nekoga ko je od malih nogu sebi postavljao velike ciljeve i ko je znao da samo obuzdavanjem drugih strasti i apetita mo\u017ee u starosti ostvariti svoje snove i rad.</p>\n<p>To je zna\u010dilo strogu disciplinu:</p>\n<p>&bdquo;Ne \u017eelim odmor, nikakav prekid te&scaron;kog rada. &bdquo;Kada bi ljudi birali posao u skladu sa svojim temperamentom, ukupna koli\u010dina srec\u0301e na zemlji bila bi nemerljivo vec\u0301a&ldquo;, smatrao je genije.</p>\n<p><strong>Kako je Tesla planirao dugove\u010dnost?</strong></p>\n<p>&bdquo;Mnogi su tu\u017eni i depresivni zbog kratko\u0107e \u017eivota. Kakva je svrha poku&scaron;aja da se bilo &scaron;to postigne, pitaju se oni. \u017divot je prekratak, ne mo\u017eemo \u017eiveti dovoljno dugo da bismo dovr&scaron;ili na&scaron;e poduhvate. Ljudi bi mogli zna\u010dajno da produ\u017ee trajanje svojih \u017eivota ako bi se potrudili. Ljudi \u010dine toliko toga &scaron;to poplo\u010dava njihov put do prerane smrti&ldquo;, istakao je Tesla, a prenosi Atma.hr.</p>\n<div class=\"ads intext\">&nbsp;</div>\n<p>Zaista, \u010dinimo se neproduktivnim na mnogo na\u010dina. Izme\u0111u ostalog, lo&scaron;a ishrana. Evo kako je Nikola Tesla razmi&scaron;ljao o navikama u ishrani.</p>\n<p>&bdquo;Pre svega, jedemo previ&scaron;e, ali to smo vec\u0301 toliko puta \u010duli. A mi jedemo pogre&scaron;nu hranu i pijemo pogre&scaron;nu vrstu te\u010dnosti. Najvi&scaron;e &scaron;tete nanosi prejedanje i nedostatak ve\u017ebanja, koji stvara toksi\u010dno stanje u telu i onemoguc\u0301ava osloba\u0111anje od nakupljenih otrova&ldquo;, smatra poznati nau\u010dnik.</p>\n<p>Tesla je pio mnogo vode i mleka i brinuo se o stomaku. Koji su bili glavni sastojci njegove dijete?</p>\n<p>&bdquo;Za&scaron;to preopteretiti telo koje nas slu\u017ei? Jedem dva puta dnevno i izbegavam sve namirnice koje proizvode kiselinu. Vec\u0301ina ljudi jede previ&scaron;e mahunarki koje sadr\u017ee mokrac\u0301nu kiselinu. Iako je riblje meso dobro za mozak, ono zbog velike koli\u010dine fosfora stvara veoma jaku kiselu reakciju. Kiselost tela je na&scaron; najvec\u0301i neprijatelj u starosti&ldquo;.</p>\n<div class=\"ads intext\">&nbsp;</div>\n<p>Da izbegava meso, Tesla je potvrdio u drugom intervjuu iz 1935:</p>\n<p>&bdquo;Izbegavam sve stimulanse. Gotovo potpuno izbegavam meso. Uveren sam da c\u0301e za manje od jednog veka kafa, \u010daj i cigarete izac\u0301i iz mode. Alkohol c\u0301e se, me\u0111utim, i dalje koristiti&ldquo;, predvideo je Tesla (poznato je da je Tesla skoro svaki dan popio po malo viskija).</p>\n<p>Tako\u0111e, Tesla je bio veliki pobornik krompira.</p>\n<p>&bdquo;Krompir je odli\u010dan i treba ga jesti svakodnevno. Sadr\u017ei dragocene mineralne soli i ima neutrali&scaron;uc\u0301a svojstva&rdquo;.</p>\n<div class=\"ads intext\">&nbsp;</div>\n<p><strong>Tesla i ve\u017ebanje</strong></p>\n<p>Tako\u0111e, Tesla je poznat kao veliki pobornik ve\u017ebanja.</p>\n<p>&bdquo;Verujem da treba mnogo da ve\u017ebate. Svaki dan hodam osam do 10 milja i nikada ne uzimam taksi ili druga prevozna sredstva kada imam vremena da iskoristim snagu nogu. Ve\u017ebam i kupajuc\u0301i se svaki dan, jer mislim da je to veoma va\u017eno. Koristim toplu kupku, nakon \u010dega se dugo tu&scaron;iram hladnom vodom&ldquo;.</p>\n<p>Tesla je poznavao i tajne drevne nauke joge, kao i da je neke od jogijskih ve\u017ebi praktikovao dobar deo svog \u017eivota.</p>\n<p>Da se \u200b\u200bNikola Tesla bavio pranajamom ili jogijskim dubokim disanjem svedo\u010di njegov prijatelj i biograf D\u017eon O&rsquo;Nil u knjizi &bdquo;Nenadma&scaron;ni genije &ndash; \u017eivot Nikole Tesle&ldquo;, objavljenoj 1944. godine:</p>\n<p>&bdquo;Utvrdio je da je celog \u017eivota osec\u0301ao neko neobi\u010dno iskustvo kad god bi duboko udahnuo. Kad god bi duboko udahnuo, obuzeo ga je osec\u0301aj lakoc\u0301e, kao da mu je telo smr&scaron;alo i da je mogao da leti kroz vazduh samo snagom svoje volje. U detinjstvu nije shvatao da je neobi\u010dan u tom pogledu.&ldquo;</p>\n<p><strong>Spavanje Nikole Tesle</strong></p>\n<p>Teslin strogi dnevni re\u017eim kulminira navikom spavanja koja se kosi sa upozorenjima lekara i zdravstvenih organizacija o neophodnosti osam sati sna svakog dana.</p>\n<p>&bdquo;Retko spavam. Poti\u010dem iz porodice dugove\u010dnih ljudi, koji su poznati po tome &scaron;to ne spavaju mnogo. Nadam se da c\u0301u dostic\u0301i rekord svojih predaka i da c\u0301u \u017eiveti bar 100 godina. Nedostatak sna me ne brine. Ponekad odspavam sat vremena. Me\u0111utim, povremeno, svakih par meseci, spavam 4 do 5 sati. Tada se budim potpuno napunjen energijom, kao baterija. Posle takve noc\u0301i ni&scaron;ta me ne mo\u017ee zaustaviti. Tada osec\u0301am ogromnu snagu. Nema sumnje da je san obnavljajuc\u0301i, \u017eivotvorni, da povec\u0301ava energiju. S druge strane, ne verujem da je to neophodno za ne\u010dije zdravlje, pogotovo ako je u pitanju neko ko po navici malo spava&ldquo;, objasnio je poznati nau\u010dnik.</p>\n<p>Tesla je u svojoj 77. godini ovako govorio:</p>\n<p>&bdquo;Imam pravo svedo\u010danstvo o svom zdravlju. Nikada se u \u017eivotu nisam osec\u0301ao bolje. Energi\u010dna sam, sna\u017ena, potpuno kontroli&scaron;em svoje mentalno stanje. \u010cak ni u najboljim godinama nisam imao energiju koju imam danas. I &scaron;to je jo&scaron; va\u017enije, koristim samo deo energije koja mi je na raspolaganju za re&scaron;avanje problema, jer sam nau\u010dio kako da je sa\u010duvam. Suprotno popularnom verovanju, posao postaje lak&scaron;i u starosti, samo ako su ljudi dobrog zdravlja. Oni su godinama nau\u010dili kako da stignu do cilja najkrac\u0301im putem&ldquo;, zaklju\u010dio je Tesla davne 1933. godine.</p>\n<p>&nbsp;</p>",
        "header_image": "image/tesla_p90txym.jpg",
        "cat": "2",
        "title": "VELIKA MUDROST NIKOLE TESLE TEK SAD JE DO\u0160LA DO LJUDI: Evo \u0161ta je Srbe savetovao ovaj veliki nau\u010dnik",
        "tags": ["Srbin", "Tesla", "saveti"]
    },
    {
        "raw_content": "<h3 id=\"id_deck\">&Scaron;ta je slede\u0107e za Spajdija u Insomniac univerzumu?</h3>\n<hr>\n<p>&nbsp;</p>\n<p><em><strong>Upozorenje:</strong></em><em> Ovaj \u010dlanak sadr\u017ei velike spojlere za igru <strong>Marvel's Spider-Man 2</strong>!</em></p>\n<hr>\n<p>Marvel&rsquo;s Spider-Man 2 je potpuno zaludio gaming scenu u prethodnim danima. Igra\u010di &scaron;irom sveta su dobili novu priliku da divljaju kroz digitalni New York koji je nikad puniji po pitanju sadr\u017eaja. Gotovo na svakom \u0107o&scaron;ku mo\u017eete prona\u0107i nekakvu referencu vezanu za nekakav Spider-Man strip ili pri\u010du. Neke od ovih referenci i tragova nam daju odre\u0111enu viziju o slede\u0107em nastavku koji je gotovo pa neizbe\u017ean.</p>\n<p>U ostatku \u010dlanka \u0107emo detaljno analizirati kraj ove igre i objasniti &scaron;ta zna\u010di za ve\u0107 pomenuti tre\u0107i dio i budu\u0107nost fran&scaron;ize.</p>\n<h2>Peter Parker odlazi u penziju?</h2>\n<p>U ovom univerzumu od Insomniaca je ve\u0107 odavno ustaljeno da njim vladaju dva Spider-Mana. Peter kao veteran koji je u prvoj igri objasnio da je u &ldquo;poslu&rdquo; ve\u0107 7 godina, dok je Miles postepeno gra\u0111en kao u\u010denik i naslednik Petera. U prvoj igri je dobio mo\u0107i, dok je u svojoj vlastitoj ekspanziji pokazao &scaron;ta mo\u017ee sa njima, a u ovom naslovu deli pozornicu sa Peterom od po\u010detka do kraja i jednako je bitan u celoj kampanji kao i njegov mentor.</p>\n<p>Insomniac je ovde pokazao da je vi&scaron;e srodan aktuelnim Spider-Man stripovima, nego popularnim Spider-Verse animiranim filmovima. Spider-Verse filmovi su Milesa bacili pod voz tako &scaron;to Peter iz njegovog univerzuma pogine na po\u010detku filma, &scaron;to se desilo i u Ultimate Spider-Man stripskom serijalu. U trenutnim stripovima se Miles prodru\u017ei Peteru ba&scaron; kao u igri i mo\u017ee se re\u0107i da su u Insomniacu odabrali dosta bolji na\u010din izvedbe ove pri\u010de znaju\u0107i koliko igra\u010da igra ovaj serijal upravo zbog Petera.</p>\n<p>Ipak, ovde su se odlu\u010dili na jedan dosta hrabar potez a to je penzionisati originalnog Spider-Mana na kraju igre! Nakon &scaron;to poraze Venoma i spasu grad od Symbiote infekcije, Peter odlu\u010duje da fokus baci na humanitarnu organizaciju Emily-May koju je prvobitno u toku glavne kampanje zapo\u010deo Harry Osborne, a Peter odlu\u010di sam iznova sve pokrenuti i da na taj na\u010din pomogne onima kojima pomo\u0107 treba. Time \u0107e imati vi&scaron;e vremena za \u017eivot sa Marry Jane i prona&scaron;ao je na\u010din da pomogne ljudima bez da obla\u010di kostim i da se bori sa kriminalcima. Priznao je da je Miles dovoljno sazreo da mo\u017ee sam nositi odgovornost titule Spider-Mana.</p>\n<p>Ovo bi verovatno mogao biti povod izrade nove zasebne Miles Morales igre u kojoj bi imali alibi da nam ne omogu\u0107e gameplay sa Peterom i da kroz nju dodatno teasuju njegov povratak u pomenutom tre\u0107em delu gde \u0107e predstaviti opasnost koju Miles sam ne mo\u017ee pobediti</p>\n<h2>Debi Green Goblina u Insomniac univerzumu</h2>\n<p>A koja je to opasnost koja bi mogla izazvati povratak OG Spider-Mana? Ni manje ni vi&scaron;e nego njegov glavni antagonista Green Goblin! Lik Normana Osbornea je kroz obe igre imao svoj uticaj na gotovo celu pri\u010du i mo\u017ee se re\u0107i da se upravo zbog njega de&scaron;avaju sve ove stvari u Insomniac Spider-Man univerzumu, ali i dalje nismo bili ni blizu njegove Green Goblin forme.</p>\n<p>Ovde imamo Normana koji je gradona\u010delnik New Yorka sa mnogo privatnih problema od smrti supruge pa do bolesti sina koji ima istu dijagnozu kao i njegova pokojna majka. Kada Harry ponovo padne u komu nakon &scaron;to Peter i Miles odvoje Symbiote od njega, Norman poludi i jasno je da su motivacije potpuno tu, ali vrlo je mogu\u0107e da vidimo i Harrija u Green Goblin formi, bar prema onome kako nam je kraj igre prezentirao.</p>\n<p>Norman od doktora u Oscorpeu zatra\u017ei da pripreme G-Serum kao novi lek za Harrija, a ba&scaron; taj isti serum se uvijek koristio kao stvar preko koje su ova oba lika postajali Green Goblini u svojoj istoriji. On predstavlja hemijski spoj koji daje nenormalnu super snagu, ali jednako toliko oduzme i pomuti um onog ko ga iskoristi. Znaju\u0107i da je postojanje G-Seruma potvr\u0111eno, nema sumnje da \u0107emo ovog legendarnog negativca vidjeti u nekakvoj formi u Spider-Man 3 igri, ali je veliko pitanje pod kojim indetitetom. Mo\u017eda Norman ovaj put odlu\u010di testirati stvar na sebi radi prevencije zbog onog &scaron;to je napravio sa spajanjem Harrija i Symbiotea bez ikakvog testa i tako postane Goblin, ali je mogu\u0107e da Harry ponovo postane \u010dudovi&scaron;te zbog ludosti i brige svog oca da ga spasi od bolesti.</p>\n<h2>Doctor Octopus i Final Chapter</h2>\n<p>Ipak, mid credit scena nam je tako\u0111e potvrdila da ko god bude Goblin, ima\u0107e jednu veliku pomo\u0107 u borbi protiv Spider-Mana! Glavni Antagonista iz prethodnog dela Doctor Otto Octavious se pojavljuje tokom mid credit scene, u kojoj ga Norman poseti i pita za indetitet na&scaron;a dva Spider-Mana jer \u017eeli da im se osveti zbog Harrija. Otto se nasmije&scaron;i na to a u isto vrijeme zapisuje ne&scaron;to u svom dnevniku, te ga Norman pita o \u010demu pi&scaron;e, a Ock mu odgovara da je u pitanju &ldquo;The Final Chapter&rdquo;.</p>\n<p>Ovaj izraz djeluje jednostavno s pretpostavkom da je u pitanju tease za tre\u0107u igru koja bi mogla krunisati serijal, ali ovaj naziv ima svoju dubinu.</p>\n<p>U jednom od najpoznatijih stripovskih izdanja kada je Spider-Man u pitanju u toku 60-tih u 33. Izdanju The Amazing Spider-Man stripa, Ock se vratio da se osveti Spider-Manu, te sru&scaron;io skoro celi objekat iz kojeg se Peter uspe izvu\u0107i na svoju volju i snagu, te slika Spider-Mana kako di\u017ee skoro cijelu ru&scaron;evinu zgrade predstavlja jednu od legendarnih ilustracija ovog lika.</p>\n<p>Final Chapter je tako\u0111e bio dio jedne dosta kasnije pri\u010de u Spider-Man stripu, u toku 90-tih u kojem se otkrije da je Aunt May zapravo \u017eiva i da je njena smrt bila la\u017eirana. Znamo da je Aunt May umrla u prvoj igri i da mo\u017eete posjetiti njen grob, ali bi bilo zanimljivo kada bi se desio ovaj twist u narednoj igri.</p>\n<p>Ono &scaron;to isto predstavlja potencijalni tease jeste Superior Spider-Man kostim koji je dodan u ovoj igri, te napravljen do najsitnijih detalja. Ovo je kostim iz \u010duvenog Superior Spider-Man stripa u kojem Octopus \u010dije telo umire od bolesti, uz pomo\u0107 svoje tehnologije zameni tela sa Peterom i preuzme kontrolu nad njegovim \u017eivotom i Spider-Man alter egom.</p>\n<p>Ono &scaron;to se mo\u017ee primetiti jeste da sam Ock ne izgleda ba&scaron; najbolje i da nas uop&scaron;te ne bi trebalo iznenaditi ukoliko jedan dio naredne igre bude posve\u0107en ba&scaron; tom story arcu.</p>\n<h2>Tre\u0107i Spider-Man</h2>\n<p>Znaju\u0107i da \u0107e se slede\u0107a igra verovatno zvati Spider-Man 3, Insomniac nije zaboravio da iskoristi potencijal tog imena na jo&scaron; jedan na\u010din. U post credit sceni, Milesova majka kona\u010dno upozna Milesa sa svojim novim de\u010dkom koji ujedno ima i \u0107erku \u010dije ime je ni manje ni vi&scaron;e nego Cindy.</p>\n<p>U pitanju je devoj\u010dica koja kroz neko vrijeme u stripovima tako\u0111e postane Spider-Man pod imenom Silk i ovo vrlo verovatno mo\u017ee predstavljati najavu da \u0107emo u narednoj igri imati i nju kao igrivog lika, a mo\u017eda se sa njenim sposobnostima ve\u0107 upoznamo u nekom od pomenutih spin offova koji se teasuju iz dana u dan, a neki \u010dak govore da nas mo\u017eda \u010deka i Venom Spin Off!</p>\n<p>&nbsp;</p>",
        "header_image": "image/sm2_F02SiEm.jpg",
        "cat": "3",
        "title": "Spider-Man 2 analiza kraja igre: Kako Insomniac postavlja temelj za slede\u0107i nastavak",
        "tags": ["spider-man", "insomniac", "sony"]
    },
    {
        "raw_content": "<p>Apelujemo, radi bezbednosti svih u\u010desnika u saobra\u0107aju, budite savesni, i nemojte voziti sa zamagljenim staklima!<br><br></p>\n<hr>\n<p><br>U prilogu prikazujemo demonstraciju &scaron;tete koja nastane u suprotnom.<br>Sve &scaron;to mo\u017eete videti na ovom <a title=\"voza\u010d \u017eurio je\" href=\"https://www.youtube.com/watch?v=MOFTGncCnUk\" target=\"_blank\" rel=\"noopener\">linku</a> NE POKU&Scaron;AVAJTE KOD KU\u0106E!! Ovo je parodija, koja je snimljena na zatvorenom putu, i u\u010destvovali su trenirani profesionalci, svaka sli\u010dnost sa realnim doga\u0111ajima je slu\u010dajna.</p>",
        "header_image": "image/zuriosm_vfyAJgF.jpg",
        "cat": "4",
        "title": "Voza\u010d izazvao sudar i izlupao dva automobila na parkingu - vozio oslobodjeno",
        "tags": ["vožnja", "oslobodjeno", "sudar"]
    }
]